stim1,stim2,lLO_toolloc,lPPC_spaceloc,lAPC_spaceloc,lAPC_distloc,lPPC_toolloc,lAPC_toolloc,rLO_toolloc,rPPC_spaceloc,rAPC_spaceloc,rAPC_distloc,rPPC_toolloc,rAPC_toolloc,cornet_s,skel,gbj,lLO_toolloc_standard,rPPC_spaceloc_standard,cornet_s_stnad,skel_stand,gbj_stand
boat_1,boat_2,1.109191242,0.979344866,1.100296085,1.123290041,1.040138161,1.275068501,1.08246772,1.05468858,1.155163873,1.051842487,1.048093567,1.242819399,0.10651803,7.332421149,69.998,0.474811972,0.14705677,-1.820905283,-1.684339025,-1.673852186
boat_1,boat_3,0.891964976,1.233527959,1.193059789,1.169821471,1.117813221,0.950224101,0.646445085,1.052758434,1.133220806,1.124835578,1.008113062,0.920453701,0.21638167,9.251794405,81.757,-0.974951074,0.132052721,0.049668277,-1.513037731,-1.145183426
boat_1,boat_4,1.057482568,1.111577212,1.11296639,1.102368751,1.021990448,0.998968187,1.018158575,0.961271601,1.046806498,1.014445108,1.197589144,1.208844271,0.1671851,9.725308651,98.589,0.129709485,-0.579122984,-0.787968298,-1.470777267,-0.388439436
boat_1,boat_5,0.748616088,1.03804226,0.986529077,1.074883667,1.149354699,0.828434049,0.574564733,0.807965395,0.843374347,0.871162514,0.974848092,0.913677808,0.23574054,14.65801121,94.136,-1.931658218,-1.770853484,0.379278605,-1.03054068,-0.588640302
boat_1,camera_1,0.992163554,1.029094584,1.050843011,1.08364587,1.167827898,1.324737496,1.108304859,1.097878507,1.126219359,1.143432285,1.21159564,1.174615167,0.2953898,38.91392122,125.38,-0.306228095,0.482794994,1.394886031,1.134264294,0.816047746
boat_1,camera_2,0.749403583,0.909255753,0.80011581,0.898412278,0.819740886,0.914290248,0.87011847,0.773972524,0.949593373,0.893091053,0.683082304,0.968384902,0.2470344,26.14409404,93.383,-1.926402495,-2.03509811,0.571571487,-0.005424359,-0.622494165
boat_1,camera_3,0.95587622,1.100296099,1.065383974,1.061313735,0.802430677,1.041965081,0.885976828,0.93596993,0.987298624,0.946856964,0.837252537,1.06380837,0.288361,21.27905691,93.421,-0.548408918,-0.775806301,1.275211429,-0.439621904,-0.620785737
boat_1,camera_4,0.955821823,1.004459708,1.13384236,0.782971833,0.775649544,0.891733265,0.943056527,0.881024156,1.088499215,0.970889176,1.116732229,0.96950942,0.29862726,26.63641554,94.316,-0.548771962,-1.202928962,1.450008063,0.038514625,-0.580547745
boat_1,camera_5,1.096426142,0.970362255,0.976276645,1.099721697,0.849186289,0.868736311,1.057196673,0.904238499,1.040024816,1.001515547,0.953556858,1.034663656,0.2788639,15.53607492,121.04,0.389617992,-1.022471554,1.113510759,-0.952174761,0.620927207
boat_1,car_1,1.09556097,1.019329488,0.936928448,1.117884808,0.969834079,1.097147091,1.195735824,0.966143855,0.984520208,1.01810635,1.133125695,1.09071794,0.23502505,13.35839481,100.12,0.383843854,-0.541248368,0.367096443,-1.146529569,-0.319607743
boat_1,car_2,0.97191182,1.109055406,1.038660498,0.933485534,0.887030783,1.01278284,0.781684731,0.86638322,0.944071156,0.944240042,1.176206829,1.101228412,0.2474765,13.14346451,90.397,-0.441387697,-1.316740727,0.579098823,-1.165711788,-0.756740693
boat_1,car_3,1.209244522,1.209264846,1.316769641,1.183867032,0.96172501,1.172813096,1.336713652,1.168710097,1.202782414,1.089063245,1.242835949,1.278551493,0.20666444,11.89656577,124.08,1.142565236,1.033406533,-0.115780396,-1.276995702,0.757601501
boat_1,car_4,1.136820888,1.061311894,1.161759993,0.989127839,1.132411441,0.999949361,1.244802156,0.865329869,0.998908757,0.961591367,1.313562325,1.015634674,0.1944062,5.455690045,97.373,0.659211587,-1.324928984,-0.324493121,-1.851834568,-0.443109154
boat_1,car_5,0.845411107,0.674149495,0.832183488,0.833997383,0.649996505,0.721748063,0.853047481,0.718128867,0.857454338,1.069617213,1.110450437,0.841303665,0.22256434,9.684720119,128.35,-1.285650513,-2.469200492,0.154936399,-1.474399735,0.949574935
boat_1,guitar_1,1.179983604,0.975773514,0.900083651,0.90251415,1.090708211,0.932229429,1.13655575,0.93013581,0.904371975,1.044664739,0.970978482,0.766566812,0.30395186,37.61651546,100.32,0.94727855,-0.821158012,1.54066641,1.018472702,-0.310616013
boat_1,guitar_2,1.19530746,0.86840511,0.944972962,0.880956512,1.029687908,1.125902773,1.18817638,1.131282964,1.173003525,0.938016538,0.667986402,0.97389982,0.2963256,39.9116014,102.3,1.049549608,0.742465566,1.410819262,1.223305811,-0.221597887
boat_1,guitar_3,1.060386906,1.01515753,1.001235646,1.003166528,1.067810689,0.928968706,1.193420698,0.894572218,0.977211108,0.99712771,0.821447824,1.023540613,0.2982455,41.01293324,102.2,0.149092969,-1.097612686,1.443508095,1.321598089,-0.226093752
boat_1,guitar_4,0.978593546,1.013209983,0.97572153,1.112418608,1.126506136,1.218801779,0.978190467,1.059289139,0.858931123,1.087140062,0.940326605,0.970899924,0.2691457,41.16865316,105.94,-0.396794013,0.182819357,0.94804557,1.335495867,-0.057948402
boat_1,guitar_5,1.254255794,0.895162705,0.994165432,1.009070739,1.205315628,0.96303694,1.246115884,1.161451665,1.179299128,1.091167192,1.028134981,0.847326958,0.31137425,43.25801649,108.19,1.442969418,0.976982889,1.667042402,1.52196853,0.043208559
boat_1,lamp_1,1.262910215,1.125404238,0.935554713,1.094117615,1.198793641,0.999099845,1.21886574,1.317230829,1.197644009,1.160357458,1.120047115,1.122603014,0.25086653,37.761661,120.85,1.500728823,2.187937004,0.636818561,1.031426732,0.612385063
boat_1,lamp_2,0.914510629,1.164044792,1.146281789,1.16272226,1.413413324,1.257819362,1.096115505,1.401632623,1.247679806,1.189588983,1.249984258,1.36139026,0.2963896,45.21959368,121.95,-0.82448191,2.844036941,1.411908947,1.697036464,0.661839578
boat_1,lamp_3,0.983213306,1.050812973,0.991446797,1.042464243,0.900050464,1.093027501,1.041635869,1.073285869,0.931788549,0.938359222,0.715807701,0.938423144,0.3093866,36.87245489,105.21,-0.365961842,0.291623367,1.633200036,0.952066369,-0.090768217
boat_1,lamp_4,1.075541516,1.07308058,1.09844416,1.068258787,1.200075489,1.122920011,1.158194482,1.18772932,1.066240111,1.011368789,1.068343864,1.05940407,0.2858258,50.01865041,137.3,0.250234484,1.181253047,1.232046301,2.125345353,1.351954849
boat_1,lamp_5,1.101717508,1.029609504,1.15068759,1.088843373,1.363576906,1.27568836,0.991612421,1.189709242,1.165828947,1.245663588,1.355761627,1.238805536,0.3037124,45.77911201,110.67,0.424932446,1.196644032,1.536589288,1.746972668,0.15470601
boat_2,boat_3,0.901655332,1.088129096,1.110861896,1.161774985,0.979872326,1.185472366,0.925507948,1.096973184,1.054510066,1.011593756,0.812337958,1.173408067,0.1359429,10.87846052,80.127,-0.910277863,0.475757438,-1.319908012,-1.367860127,-1.218466025
boat_2,boat_4,1.013074145,1.104027095,1.131875701,0.974980087,1.118289597,1.094487313,0.894987852,1.083786799,0.96273531,0.989092778,1.289826458,1.05394149,0.1499765,8.772416352,91.945,-0.166671297,0.373252669,-1.080967439,-1.55582153,-0.687144704
boat_2,boat_5,0.951839422,1.041512792,1.069925477,1.074341951,0.987350861,1.189731279,0.862007042,0.946107883,1.117353607,1.047501547,1.22355157,1.118627078,0.1416497,12.33506807,89.076,-0.575350414,-0.696998612,-1.222742206,-1.237860004,-0.816131069
boat_2,camera_1,1.054605879,0.926026574,1.064345634,0.989506566,0.734890876,0.59402337,1.153308149,0.954984551,0.884783799,0.83147267,0.850632297,0.684369541,0.1977796,40.71365915,137.38,0.110510529,-0.62799556,-0.267056531,1.294888308,1.355551541
boat_2,camera_2,0.938296616,0.79266608,1.020678849,0.939452383,0.985564748,1.046517892,0.945894146,1.007514909,0.885076319,0.898861353,0.853505633,0.73392606,0.1882281,30.49727949,96.62,-0.665734786,-0.21964921,-0.429683433,0.383091162,-0.476963017
boat_2,camera_3,1.123718405,1.142032385,1.212958734,1.050796962,1.183164393,0.952575218,1.114643912,1.170904887,1.145891743,1.223129855,1.045398857,0.954917603,0.2078978,27.06087199,92.166,0.57176592,1.050467801,-0.094780814,0.076396751,-0.677208842
boat_2,camera_4,1.016402733,1.386383231,1.428802497,1.317074872,1.063544951,1.312701537,1.073929657,1.24855984,1.016690701,1.141392798,1.402078008,1.104614924,0.25041676,29.54832728,90.254,-0.144456378,1.654120962,0.629160633,0.298398547,-0.76316978
boat_2,camera_5,0.987325573,1.049340444,0.967397942,1.093353347,0.984750153,1.129146744,0.945729686,1.16929127,1.211085997,0.966479071,1.179188635,1.064973816,0.23326874,18.64463545,116.88,-0.338516668,1.0379243,0.337192946,-0.674740218,0.433899224
boat_2,car_1,0.898878833,1.019557073,1.017111192,0.855441721,1.036818963,0.931257804,0.950725704,0.999074123,0.833024662,1.060773284,1.229626062,1.180362518,0.18834555,17.28889057,104.4,-0.928808153,-0.285263919,-0.427683691,-0.795738493,-0.127184723
boat_2,car_2,0.961487857,1.075456653,1.081013276,1.177017254,1.072867784,1.228180093,0.943794174,1.033471442,1.138543493,1.072050491,0.850471032,0.874553436,0.1929936,19.34747826,93.79,-0.510956983,-0.017875303,-0.348544502,-0.612012512,-0.604195995
boat_2,car_3,0.937478577,1.156633339,0.910484605,0.9317524,0.784920271,0.946237863,0.947859274,0.898452096,0.898552632,1.142709034,0.699968152,0.737768335,0.1834563,18.71273879,124.72,-0.67119436,-1.067452335,-0.510929629,-0.668662094,0.786375037
boat_2,car_4,1.125317257,0.962827313,1.022198823,0.896061855,1.153584886,1.061711996,0.989774549,0.987714424,0.940034644,1.033367731,1.118185775,1.396254985,0.17093617,12.72286301,98.353,0.582436621,-0.373568888,-0.724101377,-1.203249865,-0.399049677
boat_2,car_5,1.341706373,1.141678986,1.195407682,1.176509404,1.197939414,1.387720518,1.027633503,1.183426653,1.170737745,1.017561038,1.037212788,1.049032327,0.17977107,14.87525314,127.31,2.026612548,1.147806133,-0.573675537,-1.011152151,0.90281794
boat_2,guitar_1,1.140321174,0.846225412,1.147512518,1.020652593,0.97271117,1.047767237,1.232832095,1.14016805,0.995805706,1.098583228,1.242471528,1.096736042,0.2138969,32.36502166,89.769,0.682572414,0.811534055,0.007361787,0.549784456,-0.784974725
boat_2,guitar_2,1.058179464,1.039648041,1.052377269,1.102568922,1.118754711,0.949779192,1.150566238,0.92177755,1.043216906,0.964076817,1.007273723,0.923433929,0.2143407,36.59367847,87.947,0.134360553,-0.886131202,0.014918068,0.927185976,-0.866889385
boat_2,guitar_3,0.959313056,0.824326289,0.65209997,0.863048815,1.192996215,1.19284901,0.992456595,1.029273167,1.101662504,1.061042231,1.002204455,0.983271894,0.2147645,35.91537263,93.047,-0.525471555,-0.050510723,0.022133822,0.866648158,-0.637600272
boat_2,guitar_4,1.057855703,1.265104003,1.019831679,1.128868393,1.039267018,0.967315269,1.046385446,1.30431314,1.216188731,1.109348952,1.073782268,1.237577422,0.19107515,37.37327589,92.289,0.132199779,2.087520952,-0.381208646,0.996763921,-0.671678928
boat_2,guitar_5,1.069921483,0.974240488,0.979632168,1.021204282,1.071761461,1.111808668,0.998112984,1.075720989,1.06703904,0.823773603,0.674799584,1.210219136,0.20876426,37.71138025,95.398,0.212726514,0.310552847,-0.080028188,1.026939247,-0.531902487
boat_2,lamp_1,0.957611579,0.914596527,1.179136153,0.999351907,1.233510354,1.041488865,1.160266464,1.023782654,0.986080976,1.156591243,1.252880801,1.289026403,0.1942874,31.57607838,112.21,-0.536827173,-0.093191394,-0.326515848,0.479372407,0.223942331
boat_2,lamp_2,1.014817493,1.147192282,0.92536429,0.753615008,0.728740113,0.861833171,0.946774951,0.82113229,0.68690235,0.940406617,0.997918087,0.658677079,0.18870044,43.8354592,119.88,-0.155036233,-1.668500221,-0.42164122,1.573504458,0.568775173
boat_2,lamp_3,0.910270748,1.138036127,1.039889229,0.804913321,0.865941123,0.786844604,0.967930138,0.834588502,1.017203223,1.063249537,0.668160877,0.740610449,0.2140195,36.34840404,106.65,-0.852778777,-1.563897944,0.009449214,0.905295587,-0.026027761
boat_2,lamp_4,1.091675869,0.961266013,0.821982895,1.076395595,0.949915374,0.999076485,1.176172323,1.241079375,1.096924203,1.189333889,0.971745554,1.273475832,0.2109868,45.70839787,128.91,0.35791478,1.595971338,-0.042186509,1.740661533,0.974751779
boat_2,lamp_5,1.131386176,0.944032065,0.743105109,0.988654792,1.115052687,0.892149559,1.079980049,1.149883667,1.013024745,1.051595567,0.921300471,1.027085122,0.19565475,42.2332551,108.52,0.622940446,0.887058702,-0.303234908,1.430510054,0.058044914
boat_3,boat_4,0.946159299,1.12547724,1.041550002,1.041622894,0.96035689,1.148927206,0.979464969,0.898744617,1.000680921,0.838993541,1.01295462,0.832331353,0.1514884,9.446072352,80.147,-0.613259423,-1.065178414,-1.055225345,-1.495698704,-1.217566852
boat_3,boat_5,0.819224586,1.085758038,1.08263416,0.956046216,1.136370604,0.919500599,0.659757983,0.994748784,1.18543906,1.224902745,1.391649652,0.886591197,0.20460224,14.2223764,104.41,-1.460418745,-0.318887074,-0.150892075,-1.069420459,-0.126735136
boat_3,camera_1,1.108007118,1.204811375,1.258079335,1.115288683,0.934313941,1.324438299,1.15931276,1.142366964,1.158404436,0.968983232,1.20348825,1.101308014,0.1493009,36.94057738,141.85,0.466909156,0.82862738,-1.092470421,0.958146203,1.556516705
boat_3,camera_2,0.802114605,1.201462335,0.956938914,1.028875929,0.972256501,1.056081355,0.937413682,1.054818117,1.010289557,1.152199257,0.855305266,1.172034017,0.19149005,25.33897088,85.467,-1.57461036,0.14806373,-0.374144426,-0.077280439,-0.978386836
boat_3,camera_3,1.053124886,1.053548139,1.130419127,1.009602808,1.146790001,1.246382842,0.943721573,1.043711256,0.952408156,0.993400421,1.075370088,1.070208607,0.2549877,22.9827378,79.521,0.100626417,0.061724205,0.706986923,-0.287570842,-1.245710966
boat_3,camera_4,1.078286123,0.929678047,0.997387429,0.917566692,1.164600319,1.019073633,0.820793539,0.957744316,0.962243468,1.142464727,1.230213006,1.211598513,0.2278454,26.51235068,91.126,0.268551927,-0.606542442,0.24485342,0.027442015,-0.723965838
boat_3,camera_5,0.934786162,1.020768407,1.154413875,0.941368813,0.932440657,0.693102566,0.846043085,0.959986171,0.817250477,0.866068808,0.751714723,0.66053566,0.25344276,21.8465302,126.9,-0.689163475,-0.589115314,0.680682279,-0.388975731,0.884384893
boat_3,car_1,1.122364526,0.906679579,1.033206906,1.066123077,1.136813364,1.229109984,1.073044407,0.815178559,1.272354971,1.077373114,1.017272449,1.1080926,0.19193983,17.78981723,119.71,0.562730163,-1.714781732,-0.366486327,-0.751031511,0.561132203
boat_3,car_2,1.013349565,1.117553649,1.053040411,0.953592537,1.146675509,0.927338322,1.160843067,1.157197735,1.177383226,1.173927267,1.302370267,1.333258353,0.15618205,16.27780659,66.722,-0.164833151,0.943914834,-0.975309755,-0.885976279,-1.821136723
boat_3,car_3,1.002919507,1.053859653,1.00420502,0.886062836,1.037237763,0.956767459,1.174875335,1.03423463,0.986806706,1.020952115,1.122326735,1.170224611,0.2046521,16.78363864,111.15,-0.234443115,-0.011942638,-0.150043142,-0.840831499,0.176286162
boat_3,car_4,1.233079799,1.070480382,1.060167897,1.024906173,1.249579128,0.982127243,1.167338611,1.073332605,1.016351045,1.116178603,0.989935432,0.945413364,0.14171016,10.8758567,65.332,1.30164132,0.291986671,-1.221712794,-1.368092514,-1.883629246
boat_3,car_5,1.175314767,1.039378347,0.941518926,1.013630648,1.045621032,0.828161428,1.03605832,1.065407995,1.1139963,1.352019632,1.35969696,1.16355404,0.2086752,13.93151435,110.1,0.91611884,0.230384472,-0.081544552,-1.095379477,0.12907958
boat_3,guitar_1,1.246202763,1.109127996,1.015081936,1.069547315,0.954729658,1.089643073,1.03144886,0.931656656,1.107855186,1.045933661,1.192188501,1.277035205,0.2594344,43.61238686,86.317,1.389223677,-0.809335668,0.782697863,1.553595574,-0.940171984
boat_3,guitar_2,1.023994256,1.127740077,0.982758032,1.103801107,0.805797921,0.925918589,1.148589138,1.194269018,0.974146597,0.989266772,1.246757108,1.247264403,0.27537906,47.0043931,82.578,-0.09379073,1.232089591,1.054176756,1.856327237,-1.108272374
boat_3,guitar_3,1.093981098,0.97404293,0.907490745,1.067448001,0.773192732,0.646914948,1.049867305,1.043368889,0.907170575,1.127422642,0.7342679,0.740650097,0.2549039,48.46894471,86.813,0.373299825,0.059062805,0.705560117,1.987036355,-0.917872493
boat_3,guitar_4,1.295156369,0.893022733,1.084960464,1.00382727,0.997695205,1.234109088,1.206320341,1.14419874,1.210055612,1.258465894,0.996946298,1.296810045,0.25462157,48.35939652,89.039,1.715938904,0.842866747,0.700753076,1.977259338,-0.817794539
boat_3,guitar_5,1.115701229,1.168736758,0.943868518,1.016863702,0.843945831,0.910167284,1.22787655,0.990926492,0.896564435,0.987303504,0.662208275,0.634636756,0.26290673,49.49408514,90.598,0.518259474,-0.348599779,0.841818866,2.07852866,-0.747704005
boat_3,lamp_1,1.191783717,0.942844093,1.012069737,1.285989235,1.115244225,1.190029913,1.101748302,1.271295986,0.999800548,1.033847777,1.283508879,1.036210668,0.242652,42.61747846,105.77,1.026032229,1.830861091,0.496955339,1.464801435,-0.065591373
boat_3,lamp_2,0.936664109,0.992910364,1.136389068,1.151926802,0.966295806,0.972895291,1.144422184,0.990473205,1.044268406,0.941545891,0.858295074,0.988285369,0.2512741,47.62033539,108.36,-0.6766301,-0.352123419,0.643757978,1.911299198,0.05085153
boat_3,lamp_3,0.971140051,1.069315822,1.097515678,1.190559091,1.204787725,1.248784058,0.945201982,1.118545923,1.098734777,0.837720838,0.701540095,1.108780335,0.2558326,43.06441355,107.41,-0.446538465,0.643453787,0.721372461,1.504689747,0.008140813
boat_3,lamp_4,0.991386717,0.751374504,1.028053021,0.976160272,1.148953239,0.921989654,1.184059831,1.024740674,0.994496462,1.076377277,0.846267997,1.026927193,0.27328086,54.29048611,121.38,-0.311412687,-0.085744197,1.01845213,2.506600527,0.636213148
boat_3,lamp_5,0.994924113,1.089014719,0.873600275,0.850050931,0.92985987,1.0430679,1.252296642,1.072502983,1.167135809,1.148062221,0.935042722,0.829303373,0.2228666,47.3792618,90.088,-0.287804189,0.285537579,0.160082775,1.889783728,-0.770632916
boat_4,boat_5,0.974619686,0.766306277,0.739744119,1.039437854,0.809010827,0.932801902,1.114910916,0.9731779,0.891828554,0.885779603,0.877725806,0.859785577,0.15994906,12.95983654,98.77,-0.423315462,-0.486569003,-0.911171435,-1.18210032,-0.38030192
boat_4,camera_1,1.042983268,1.104439779,1.018396292,1.246848591,0.819352773,0.975726277,1.146586512,1.179964315,1.215649019,1.152010953,1.113818344,1.073548081,0.1733567,33.71454721,136.74,0.032941494,1.120891543,-0.682888657,0.670227665,1.326778005
boat_4,camera_2,0.908886806,0.993544431,0.982014823,0.951882328,1.229795543,0.938609073,0.817393468,0.824553381,0.9010121,0.986978864,1.002652139,0.954354873,0.15497476,24.62742805,93.254,-0.862015174,-1.641906265,-0.995865462,-0.14078461,-0.628293831
boat_4,camera_3,1.079177785,1.122518823,1.044025601,0.966491131,0.96202633,0.954896722,1.112378454,1.05818407,0.902482785,1.072691138,1.021771622,1.078959096,0.2018779,22.41894758,94.998,0.274502859,0.174229069,-0.197277561,-0.337888306,-0.549885946
boat_4,camera_4,0.864482691,0.860528313,0.947385884,0.990646061,1.015242901,1.175790999,0.822408995,0.827417874,0.92118122,1.13250852,0.786002845,1.03054751,0.156253,24.66615064,104.73,-1.158367205,-1.619639041,-0.974101737,-0.137328675,-0.112348368
boat_4,camera_5,1.145321608,1.000407435,1.087502309,1.2499852,0.963404693,1.153665006,1.110177091,1.111775099,1.209480183,1.108199629,0.926631779,0.99657702,0.16604847,18.74042841,113.54,0.715945195,0.590820578,-0.807320924,-0.666190835,0.283737335
boat_4,car_1,1.071647353,1.03752626,1.042468894,0.929965603,0.893333603,0.893983932,0.96261028,0.930041039,1.042592177,1.035337983,1.005392509,1.042939129,0.1861002,17.69361798,123.32,0.224244931,-0.821894717,-0.46591374,-0.759617156,0.723432928
boat_4,car_2,0.992555888,0.998605142,1.111091675,1.021186994,1.036233627,1.248977293,0.927859874,0.962924368,1.013038527,0.897275515,1.032167578,1.157202677,0.20500374,15.54826336,89.295,-0.303609667,-0.566275149,-0.144056007,-0.95108696,-0.806285125
boat_4,car_3,0.774725697,1.067463951,1.069319983,0.957779598,0.848662098,1.152708913,1.140070546,1.047625911,0.937297059,1.063202052,0.835537922,1.16179822,0.1646846,13.97333708,121.16,-1.757403295,0.092154896,-0.830542612,-1.091646859,0.626322245
boat_4,car_4,0.893582925,1.027670401,0.978000284,1.055924334,1.090861637,1.021494921,0.95778812,0.90854066,0.891853264,0.915685235,0.77332769,0.845198613,0.12361854,12.62974399,87.342,-0.96415292,-0.989028573,-1.529746517,-1.211560603,-0.894089368
boat_4,car_5,0.982787309,1.041618001,1.00696517,1.043021347,1.297917609,1.230241199,0.933571305,0.954631304,0.946385153,1.104966698,0.932303979,1.098191181,0.1957423,12.2935727,120.37,-0.368804936,-0.630741537,-0.301744254,-1.241563406,0.590804911
boat_4,guitar_1,1.161362118,0.922799461,0.959659496,0.928719522,0.841552743,0.877455181,1.033644511,1.056683509,1.026804473,0.949834391,0.969340028,1.143804557,0.29055953,32.77051571,92.641,0.822999185,0.162564412,1.312644306,0.585974215,-0.655853483
boat_4,guitar_2,0.972419579,1.070330909,1.128221746,1.025295606,1.102934869,1.087602179,1.12562865,1.15450219,1.24658519,1.028863971,1.30296481,1.234860529,0.2528662,35.84186207,90.188,-0.437998925,0.922960932,0.670865583,0.860087447,-0.766137051
boat_4,guitar_3,1.007974988,1.090616571,1.10467389,0.944731408,1.043607463,1.123263949,0.97724496,1.058753168,0.920589147,1.249795501,0.968205966,1.078857032,0.24239963,34.55100374,93.403,-0.200702952,0.17865297,0.492658407,0.744880203,-0.621594992
boat_4,guitar_4,1.254804778,0.998498681,0.979608568,0.918670224,0.928460836,1.047065097,1.151846034,1.170526169,1.151793408,1.016156712,1.233505709,1.298129678,0.2541831,36.88987183,96.228,1.446633325,1.047523825,0.693287545,0.953620806,-0.494586807
boat_4,guitar_5,1.138484898,1.057060085,1.173437006,1.079387707,1.037608395,0.925064282,1.241075996,1.206652642,1.135366798,1.160943402,1.13031512,0.901496563,0.29769206,37.66834055,95.409,0.670317151,1.328354072,1.434085048,1.023098016,-0.531407941
boat_4,lamp_1,1.027762692,1.269049759,1.148149907,1.142293982,0.887439498,0.70666737,0.906065604,1.042763857,1.129682757,1.066091061,0.941128101,0.983276738,0.2080268,29.76657164,107.05,-0.068640276,0.05435957,-0.092584418,0.317876541,-0.008044301
boat_4,lamp_2,1.280730936,1.14552948,1.18158905,1.047968149,1.030053046,1.33998764,1.310456444,1.190838169,1.105435647,1.134732703,0.890228142,0.970309557,0.2657621,38.99394323,117.45,1.6196639,1.205419781,0.890435312,1.141406143,0.459525655
boat_4,lamp_3,1.13539773,1.069349816,1.052782932,1.039912751,1.009851787,0.910877317,0.945876342,1.098176526,1.027620557,1.029738112,1.326205457,1.094776702,0.21096075,36.1918242,103.69,0.649713464,0.485111654,-0.042630045,0.891321062,-0.159105364
boat_4,lamp_4,1.140489867,1.361633295,1.215077209,1.244386889,1.403106218,1.227631419,1.141616124,1.258341078,1.212671158,1.232715755,1.100854169,1.093542068,0.25414073,44.11075188,134.02,0.683698268,1.730155716,0.69256614,1.598073933,1.204490479
boat_4,lamp_5,0.983384115,0.837120122,1.02328428,0.957256177,1.192561512,1.003617552,1.119321689,0.958563656,0.995930907,0.999511825,1.21084096,0.804695145,0.24522525,38.23192178,103.28,-0.364821867,-0.600173278,0.540768319,1.073396828,-0.17753841
boat_5,camera_1,1.320294667,1.145135937,1.147357519,1.127609121,1.150323701,1.37954205,1.180003257,1.218031562,1.232060322,1.210309845,1.045043218,1.260771794,0.20168835,30.41018952,145.45,1.88371132,1.416808456,-0.2005049,0.375318508,1.718367844
boat_5,camera_2,0.692863265,1.033812114,1.024784694,0.799536807,1.052857415,1.194926567,0.801952523,0.709477756,0.8020188,0.86591802,1.05446532,0.937466444,0.2019178,22.28707165,104,-2.303751262,-2.536450169,-0.196598211,-0.349658042,-0.145168183
boat_5,camera_3,1.089738196,0.979343535,1.051673202,1.105509154,1.076977059,1.177038363,0.988503575,1.029175621,1.1005106,0.982323838,0.982141468,1.332863367,0.21108335,22.57199947,106.32,0.344982796,-0.051269,-0.040542618,-0.324228646,-0.040864116
boat_5,camera_4,0.938080425,1.015561154,1.051718749,0.925678998,1.006826851,0.871872625,1.043289937,1.245106707,1.132215199,0.983842867,0.558648463,0.900305369,0.25631267,24.3893671,122.25,-0.66717764,1.627277927,0.729546287,-0.162031207,0.675327173
boat_5,camera_5,1.085218099,1.035938254,0.861838823,1.021280464,1.055079678,0.851581589,0.997289269,0.912393276,1.088933681,1.081680218,0.971355371,0.723017691,0.2142681,16.05136578,119.45,0.314815774,-0.959080144,0.013681957,-0.906185795,0.549442954
boat_5,car_1,1.310988056,1.130560382,0.981452808,1.230166246,1.119470438,1.110191599,1.263610509,1.204834236,1.070873077,1.188413345,1.038884301,1.057719078,0.2430803,17.85901163,119.06,1.821599215,1.314218637,0.504247712,-0.744856011,0.53190908
boat_5,car_2,1.131696758,1.083001498,1.15742208,0.977214619,0.98007849,1.077883238,0.948614985,1.01892664,0.876074227,0.951122816,0.81023623,1.169314024,0.2468061,19.06517286,112.76,0.625013263,-0.130939768,0.567684378,-0.637207861,0.248669588
boat_5,car_3,1.086097136,1.169859076,1.117864809,1.029832188,1.165971836,0.938155195,1.236573719,1.099012916,1.202260085,1.107604902,0.904963119,1.141685812,0.22995496,18.22086052,134.6,0.320682446,0.491613357,0.280771465,-0.712561519,1.230566495
boat_5,car_4,1.224805672,1.080259205,0.977306721,1.134150008,0.99661262,0.771576565,1.219220985,1.074124629,1.019862335,1.071227385,0.959312716,0.874581207,0.2027517,17.50284509,107.89,1.246419989,0.298143494,-0.182399962,-0.776643361,0.029720964
boat_5,car_5,0.845329101,1.214654771,1.186758525,0.925350369,1.16985931,1.040160252,0.860129517,0.894119936,0.836850639,0.8669674,0.631729961,1.001493346,0.2386783,15.87840958,134.03,-1.286197819,-1.101128514,0.429297849,-0.921621886,1.204940065
boat_5,guitar_1,1.190845053,0.870564305,0.877086287,0.940363999,0.842799348,0.791081597,1.12888478,0.993487061,1.009446573,0.989457497,0.868902586,0.822763347,0.24165356,28.32084457,112.82,1.019767608,-0.328695117,0.47995558,0.188847486,0.251367107
boat_5,guitar_2,1.07676021,1.022926811,0.902555312,1.045660469,1.096049171,1.004151232,1.087537664,1.012572581,1.030987736,0.83757752,1.030074305,1.249382871,0.22527397,31.31715535,113.48,0.258368019,-0.180333241,0.201071428,0.4562639,0.281039816
boat_5,guitar_3,0.968752064,0.971884984,1.07400303,1.032144331,1.174163122,0.884510249,1.006483834,0.876871114,0.956640206,0.904812716,1.02143326,1.133340784,0.22304624,30.18665658,109.11,-0.462475835,-1.235212761,0.163141383,0.355368516,0.084570517
boat_5,guitar_4,1.097155875,0.891864061,0.862607622,0.905071777,0.88351913,0.987982753,1.085341577,0.964145862,0.878687979,0.832027414,1.16464404,1.103741679,0.21457326,32.53021427,118.88,0.394488213,-0.556779828,0.018877709,0.564527659,0.523816524
boat_5,guitar_5,1.249220822,1.374647593,1.34638143,1.309865682,0.95670523,1.30783453,1.23418877,1.208150584,1.187556593,1.136084788,1.508205182,1.181600179,0.2451397,32.57504964,117.22,1.409366132,1.33999837,0.539311717,0.568529151,0.449185165
boat_5,lamp_1,1.234336421,1.117921276,1.065036943,1.169875428,0.880914306,0.987663992,1.390441005,1.192844151,1.361438534,1.278842124,0.927120702,1.061442302,0.1892849,24.80248912,122.11,1.310027986,1.221013343,-0.411690017,-0.125160662,0.669032962
boat_5,lamp_2,0.888256535,1.043471274,1.316143516,1.069051787,0.954028564,0.93401872,1.039995899,1.054449183,1.320334757,1.210162924,1.140415101,1.112636517,0.1650413,32.63523644,136.29,-0.999701123,0.14519581,-0.824469324,0.573900736,1.306546613
boat_5,lamp_3,0.987225418,0.991044681,1.100242719,1.085305853,1.110479925,1.268402823,1.134150479,0.998302229,1.124889929,1.096817329,1.264650321,1.262078104,0.21613437,29.4321079,123.28,-0.3391851,-0.291264261,0.045457668,0.288026135,0.721634582
boat_5,lamp_4,0.989366181,1.19437703,1.135736414,0.89780703,1.077707272,0.978630859,0.993735887,1.080192108,1.070563351,1.07387779,1.392747079,0.9388886,0.25414544,38.16109645,142.66,-0.324897697,0.345309228,0.692646334,1.067075769,1.592933211
boat_5,lamp_5,1.051678007,0.864229491,1.111500849,0.860190689,0.941015139,0.988304071,0.967624344,1.072629718,0.911510047,0.946678272,1.205640055,0.833416104,0.14984363,30.59499026,123.27,0.09096998,0.286522757,-1.083229726,0.391811708,0.721184995
camera_1,camera_2,1.072202208,0.895128457,1.050129982,1.11955185,1.260958411,1.021012834,1.269365973,1.094577132,1.212294978,1.182707767,1.088320194,0.955659727,0.11409444,18.04794025,112.82,0.22794802,0.457131654,-1.691906898,-0.727994404,0.251367107
camera_1,camera_3,0.969175047,1.140550345,1.026577919,1.001029253,1.156872504,0.910763789,1.220975893,1.167491557,1.123015093,1.199358469,1.041225692,0.925801054,0.1212126,19.51197214,143.59,-0.459652856,1.023934175,-1.570710823,-0.59733167,1.634744755
camera_1,camera_4,1.0227753,1.17194116,1.014788559,1.203000436,1.046492406,1.162078953,0.860956111,1.037696995,1.028243483,1.196339962,1.019106083,1.188584181,0.16102296,15.04516555,126.62,-0.101926014,0.014972163,-0.892886869,-0.995987714,0.871796471
camera_1,camera_5,0.987995188,0.72032693,1.058859973,1.000644239,1.094400506,1.248804138,1.122155781,1.113592144,1.071302469,1.167622564,1.471787424,1.240730244,0.217279,22.90458305,139.61,-0.334047673,0.604945433,0.064946506,-0.294546041,1.45580933
camera_1,car_1,1.08089401,1.129559417,0.960559396,1.227235178,0.861563751,0.829488144,0.981495639,1.174834666,0.988696137,1.018521305,1.05726066,1.161872171,0.2601,27.15375571,127.89,0.285956904,1.081016059,0.794030582,0.084686489,0.928893956
camera_1,car_2,1.109465328,1.093833218,0.897777225,1.204062427,1.072456022,1.0974954,0.976245876,1.195269058,1.221511454,1.256523139,0.772377915,0.720058437,0.2078391,24.84286208,126.09,0.476641216,1.239863432,-0.095780259,-0.121557434,0.847968387
camera_1,car_3,1.124372738,1.089384776,1.008342171,1.223493721,0.8802451,0.961692917,0.979817375,1.027387563,1.015604882,1.039015098,0.862912788,1.15298849,0.2133758,23.90411688,143.14,0.576132924,-0.065168524,-0.001510629,-0.205339089,1.614513363
camera_1,car_4,1.003690067,1.042335694,1.032931613,1.024389269,1.193624321,1.051944403,0.955049868,1.127340208,1.092162597,1.075207586,0.962125204,1.198401505,0.18864536,33.09140968,135.55,-0.229300415,0.711816431,-0.42257903,0.614613539,1.273277212
camera_1,car_5,1.311495809,1.107242774,1.13463631,1.052317904,1.263368194,1.280109624,1.219801323,1.291980189,1.165646426,1.148290436,0.833660131,1.034088447,0.2030788,23.77126253,161.71,1.824987947,1.991650378,-0.176830653,-0.217196148,2.449395486
camera_1,guitar_1,0.878773529,0.846348922,1.018953413,0.914066924,0.78820944,0.979339147,0.859508767,0.985683485,0.846782919,1.206851169,0.898271824,1.060211333,0.2874703,35.95001739,144.85,-1.062990484,-0.389356454,1.260046085,0.869740153,1.691392654
camera_1,guitar_2,0.86246312,1.010862802,0.934785873,0.877645112,1.020372039,1.073589837,0.930160667,0.862910665,0.82338976,0.84982519,0.971216683,0.78435122,0.2808041,34.38529075,146.97,-1.171845775,-1.34373474,1.146545227,0.730090558,1.786704991
camera_1,guitar_3,1.370469728,1.08612338,1.212127106,0.959040222,1.245324561,1.364650487,1.354351595,1.190741957,1.351493646,1.074110456,1.388473454,1.236593294,0.2658454,38.3083591,144.55,2.21857851,1.204671874,0.891853604,1.080218748,1.677905059
camera_1,guitar_4,0.989006682,1.115847851,1.05009134,1.142200988,0.887347674,1.024073109,1.164904671,1.096143591,1.179603743,1.095980919,1.109786636,1.177423592,0.26301336,35.89382361,145.89,-0.327296985,0.469308571,0.843634383,0.864724939,1.738149649
camera_1,guitar_5,0.849999355,0.80228715,1.058827852,1.055519643,1.070061815,1.012978621,1.020962317,0.895479614,0.903264865,0.802854816,1.127094927,0.915391906,0.2903608,37.6135222,142.86,-1.255028652,-1.090559015,1.309260665,1.018205558,1.601924941
camera_1,lamp_1,0.979851848,0.912851523,0.727047271,0.814676492,0.99298393,0.94514598,0.863302885,0.835955857,0.858914105,0.864430051,0.95226326,1.28647474,0.24378705,27.02111852,133.09,-0.388396135,-1.553268768,0.516281064,0.072848811,1.162678934
camera_1,lamp_2,0.952477305,0.823578432,0.797262287,0.824902325,0.764650444,0.966045196,1.014748616,0.837521719,0.796110702,0.789713883,0.989307315,0.894896091,0.2126291,25.04485292,129.59,-0.571093198,-1.541096491,-0.014224183,-0.103530043,1.005323661
camera_1,lamp_3,0.819505496,1.07149518,0.998284689,1.045964352,0.93378538,0.777598809,0.812878621,0.812928319,0.807055698,0.844155963,1.240088352,0.800208198,0.1564957,29.59541814,140.07,-1.458543958,-1.732274041,-0.969969449,0.302601338,1.476490309
camera_1,lamp_4,1.007770905,1.103337013,1.059800777,0.919870431,1.17859526,0.953039975,1.144686312,1.111093826,1.023934874,1.108797739,0.973983654,1.221197328,0.21968144,34.28220739,137.75,-0.202064998,0.585524682,0.105851219,0.720890517,1.372186242
camera_1,lamp_5,0.94427006,1.126624076,1.173586785,1.052416181,0.985750935,0.874577398,0.934005204,0.980490482,0.936419682,1.092490129,0.917873073,0.809285032,0.22063833,25.39148991,138.73,-0.62586816,-0.429724423,0.122143535,-0.072593192,1.416245718
camera_2,camera_3,0.930360611,1.168038857,1.281022108,1.166716255,0.823034341,0.774765698,0.971352624,1.131607178,1.134809493,0.971024029,0.7920173,0.880738812,0.0860189,8.00362018,88.683,-0.718699499,0.744985853,-2.169930044,-1.624435479,-0.833799819
camera_2,camera_4,0.859951571,1.161102774,1.141268006,1.091757367,0.745358789,0.988681874,0.895754313,0.970749453,1.101981459,0.896333229,1.248910286,0.895261162,0.0759827,12.83606131,81.986,-1.188607794,-0.505446611,-2.340809603,-1.19314708,-1.134887895
camera_2,camera_5,0.986900871,1.010222222,1.064730072,1.086404023,0.776626061,1.062554518,0.845154393,1.069225973,1.029660171,0.934290889,0.949466742,1.041393069,0.12867427,14.46012897,125.49,-0.341351119,0.260063641,-1.443666037,-1.048201385,0.820993197
camera_2,car_1,1.059094185,1.17205038,1.20436794,1.173656373,1.1187072,1.030700342,0.85272816,1.15634582,1.139040503,1.004596952,1.089352851,1.223585047,0.1747673,18.13804891,107.55,0.140465379,0.937292447,-0.658871329,-0.719952336,0.014435023
camera_2,car_2,1.075361627,1.256717823,1.143714033,1.198778584,1.109952408,1.093468794,1.012415752,0.835967466,1.0059939,1.13988737,1.317440088,1.085533274,0.16569096,20.77378589,73.718,0.249033909,-1.553178525,-0.813408004,-0.484716613,-1.50660601
camera_2,car_3,1.061291766,1.208310362,1.334270131,1.094595199,1.114227604,1.202642547,1.048013219,1.193529108,1.145776112,1.1347719,0.99474089,1.066586318,0.1374586,20.51461528,118.5,0.155131984,1.226337877,-1.294101218,-0.507847216,0.506732237
camera_2,car_4,0.982575428,1.021630225,1.009333339,1.239381919,1.046962251,1.047539079,1.104162331,0.992291227,1.050292062,0.891407513,1.288252343,1.287414976,0.1398401,21.89628472,79.185,-0.370219025,-0.337990969,-1.253553035,-0.384535212,-1.260817073
camera_2,car_5,0.956158853,0.888595113,0.804511916,1.005188969,0.590226285,0.789762936,0.839888997,0.738937181,0.935734275,0.978147487,0.941462714,0.852385564,0.13677216,20.32582655,120.79,-0.546522632,-2.307446424,-1.305788766,-0.524696338,0.609687544
camera_2,guitar_1,1.288045322,1.012592952,0.998389974,1.083003179,1.390223416,1.126662654,1.162243446,1.008824619,1.051934557,0.95905928,0.970337995,1.045396552,0.2600126,33.58575498,85.636,1.668479942,-0.209468139,0.792542481,0.658733144,-0.970788824
camera_2,guitar_2,1.068176979,0.922443173,0.932225642,0.896644247,1.171672614,1.080443587,0.851745194,0.852321969,0.994323143,1.003881947,0.956407863,0.855304175,0.22917235,36.54444659,90.601,0.201083735,-1.426046294,0.267446496,0.922792102,-0.747569129
camera_2,guitar_3,1.056970804,0.855560134,0.811613633,0.786187611,0.984006952,1.055036601,0.976149293,0.929616116,0.984016783,0.972018878,0.692346792,1.047633182,0.2176085,38.37503102,86.878,0.126293984,-0.825197869,0.070556678,1.086169121,-0.914950181
camera_2,guitar_4,1.215471744,1.241292283,0.96346195,1.017944982,1.353238244,1.263713973,0.999395388,1.129931759,1.013058389,1.016751908,1.391041043,1.194525276,0.2377256,38.60689214,87.771,1.184125571,0.731961932,0.413076873,1.106862392,-0.874802107
camera_2,guitar_5,1.317157281,0.777097715,0.832910874,0.891967164,0.989161873,0.950056804,1.098611924,1.061602416,1.010024566,0.969866655,0.94733176,1.201214255,0.2652426,38.89114472,88.515,1.862772479,0.200801687,0.881590138,1.132231524,-0.841352872
camera_2,lamp_1,1.255249339,1.027292004,0.999450009,1.098278197,1.310460499,0.98153742,1.371190876,1.267284535,1.071864271,1.080864646,0.994098559,1.218882258,0.1710976,24.48676455,90.047,1.449600314,1.799677954,-0.721352818,-0.153338625,-0.772476221
camera_2,lamp_2,1.12558044,1.133778977,1.074145162,1.003373354,1.216202017,1.317902341,1.245770767,1.323742232,1.039217373,1.108348051,1.296301034,0.97367653,0.20806986,30.242962,100.1,0.584193099,2.238553595,-0.091851265,0.360393693,-0.320506916
camera_2,lamp_3,0.926632047,1.022181789,1.065348828,1.182045278,1.069516097,0.996217357,1.239141948,1.156607539,1.354103874,1.373917852,0.802886967,0.710682797,0.18040514,32.32809329,105.38,-0.743583849,0.939326927,-0.562879658,0.546488653,-0.083125246
camera_2,lamp_4,1.302299423,1.138853434,1.078112155,1.088205768,0.950939591,1.271575475,1.269557397,1.238415163,1.27843766,1.195497727,1.035594098,1.483751618,0.1885695,34.46771845,105.04,1.763611481,1.575261004,-0.423870647,0.737447111,-0.098411187
camera_2,lamp_5,1.171615911,0.994779962,1.20170241,0.922813878,1.019067353,1.130739492,1.136477576,1.083859292,1.110243261,1.17857776,1.200334455,1.284545099,0.2312501,28.60423894,78.734,0.891432761,0.373816196,0.302822934,0.214140024,-1.281093424
camera_3,camera_4,0.881956909,0.813936181,0.608933328,0.981381343,0.758261863,0.966967917,0.956432826,0.886327599,0.745982359,0.722072939,1.008619509,0.870166058,0.1402698,8.966816745,94.264,-1.04174468,-1.161702485,-1.246236825,-1.538471576,-0.582885595
camera_3,camera_5,0.692401652,1.068964641,0.975620512,0.924553047,0.805980128,1.113330426,0.836936572,0.962180258,0.946987864,0.909082251,0.916424608,1.167884775,0.1551144,11.31335888,128.43,-2.306832056,-0.572059511,-0.993487906,-1.329046075,0.953171627
camera_3,car_1,1.128427883,1.124871331,1.109908734,1.072408574,1.342276843,1.163886947,1.150836847,1.105687305,1.077322234,1.104359839,1.262688616,1.184802963,0.22222286,19.86922653,131.55,0.603196867,0.543496925,0.149122251,-0.565447231,1.093442614
camera_3,car_2,1.155945395,0.891084446,0.996526779,1.097697212,0.969163114,1.112247714,1.105188818,1.02397471,1.057925087,1.065246948,1.09164972,0.939887367,0.2245828,18.68206985,79.351,0.786848102,-0.091698441,0.189303346,-0.671399252,-1.253353937
camera_3,car_3,0.843443549,0.707895778,0.667065826,0.823929641,0.908267274,0.925217687,1.037812348,0.850936141,0.807132582,0.815034839,0.894264595,0.935387229,0.1857844,17.87485891,126.05,-1.298781949,-1.43681907,-0.471290652,-0.743441664,0.846170041
camera_3,car_4,0.792824057,0.897612375,1.000954323,0.973432985,0.93196667,1.156756814,0.990064107,1.03929922,0.967492658,1.066678468,1.121093012,1.114754148,0.1825026,18.78596268,79.318,-1.636615261,0.027427108,-0.527167631,-0.662126967,-1.254837572
camera_3,car_5,1.007283809,1.034316442,0.995504219,0.980499321,0.809876378,1.100690548,0.838276772,0.963643857,1.070847665,1.015257986,0.985299853,1.091634074,0.19848377,20.11266096,117.74,-0.205315865,-0.560682179,-0.255067107,-0.54372106,0.472563663
camera_3,guitar_1,1.279271884,1.189574596,0.992002582,1.114967261,1.25133647,1.047530237,1.202157509,1.123966179,1.215350985,1.206458586,1.159271089,1.342118603,0.2875656,41.37080259,104.32,1.609926221,0.685588313,1.261668694,1.353537412,-0.130781415
camera_3,guitar_2,1.276856602,1.105440424,1.127511059,1.205747107,1.114595325,0.941883322,1.147943396,1.115639323,1.264009723,1.192875322,0.962689533,0.868449977,0.26540244,43.82560292,103.13,1.593806685,0.620859242,0.884311625,1.5726248,-0.184282208
camera_3,guitar_3,1.078311575,1.042648241,1.183037795,0.9872608,0.912610586,1.035292753,0.94205074,0.89373592,0.930340756,1.013177387,0.890067613,1.02502222,0.2567406,47.7467937,99.135,0.268721793,-1.104113674,0.73683236,1.92258542,-0.363892013
camera_3,guitar_4,1.160002236,1.175695475,1.166304398,1.130705061,1.162726908,1.039187283,1.041080253,0.986820745,1.193424521,1.04642044,1.06392365,1.1167374,0.2600662,45.38689392,105.84,0.813923364,-0.380515929,0.793455092,1.711967769,-0.062444267
camera_3,guitar_5,1.233726163,1.307642805,1.261901375,1.076066699,1.164637057,1.067215683,1.077416257,1.088141598,1.228042623,1.129181103,0.957598181,1.0167172,0.29043126,46.91469958,107.19,1.305955138,0.407104833,1.31046034,1.84832222,-0.00175009
camera_3,lamp_1,1.02669735,0.915142963,0.912513094,1.073969516,1.287867854,1.036933997,1.057077414,0.96036809,0.877039498,0.937565475,1.306058638,1.01015527,0.206222,29.64597837,109.12,-0.075750344,-0.586146455,-0.123313522,0.307113766,0.085020103
camera_3,lamp_2,1.212411125,1.04139352,0.986385155,1.090328027,1.422888736,1.193416795,0.979837787,1.036939444,1.156931598,1.098276354,1.514304685,0.99123491,0.20826954,33.69190038,114.72,1.163699071,0.009083317,-0.088451449,0.668206468,0.336788541
camera_3,lamp_3,1.087513038,0.92732101,1.120629786,0.986474535,0.974762282,1.04982467,1.016789243,1.061350794,0.954509673,1.065388688,0.8930541,0.946756619,0.14966583,34.97323456,100.19,0.330132143,0.198845695,-1.086257006,0.782563695,-0.316460638
camera_3,lamp_4,0.985384149,1.030343223,1.11999794,1.073282463,1.044859224,1.161633111,0.793045078,0.842377856,0.890677861,0.971057823,0.957594648,1.227401761,0.19496894,40.26870818,117.53,-0.351473686,-1.503347161,-0.314911729,1.255177076,0.463122347
camera_3,lamp_5,1.238485408,1.136114026,1.023053969,1.014874543,1.167180347,1.057252071,1.06658559,1.107400513,1.247627205,1.03311841,0.967636377,1.284468281,0.2451802,32.94954509,98.126,1.337718229,0.5568146,0.540001283,0.601952329,-0.40925529
camera_4,camera_5,0.94112096,1.043308036,1.005305268,0.901626773,0.893094985,0.855156675,0.962779078,0.915369628,1.044012313,0.94688204,0.765900219,0.998709163,0.12360823,11.86735594,125.96,-0.64688518,-0.935943381,-1.529922059,-1.279602637,0.842123763
camera_4,car_1,0.871582262,0.957183827,1.135146997,1.139658935,1.041937979,1.199802632,0.949748055,0.945722143,1.092747648,1.075449557,1.008155579,1.062578013,0.21022403,20.65577526,127.63,-1.110984833,-0.699997173,-0.055173676,-0.495248892,0.917204708
camera_4,car_2,1.071080698,0.875432835,0.917264896,0.640880616,0.948491953,0.875704679,0.980585873,0.778493216,1.072017653,0.968037248,1.033714487,0.911853321,0.1822507,20.25473209,80.839,0.220463088,-1.999956372,-0.531456561,-0.531041416,-1.186455466
camera_4,car_3,0.776872658,0.638917864,0.833596496,0.987463747,0.896914696,0.781725656,0.832347881,0.91757627,0.849137053,0.783836422,1.014119581,0.930552966,0.15971315,19.56459152,119.5,-1.743074527,-0.918789981,-0.915188114,-0.592635466,0.551690886
camera_4,car_4,0.919855452,1.05184066,1.057261896,1.079336953,1.112138595,0.963451351,1.004780507,1.054073543,1.07779866,1.275357638,0.828531451,1.003523083,0.1457766,24.13580986,85.09,-0.788810686,0.142275761,-1.152476283,-0.184660824,-0.995336247
camera_4,car_5,0.913033581,0.922985027,0.806834272,0.745986347,0.599092078,0.536599835,1.155282051,0.924693834,0.980417468,0.997214377,0.717371561,0.687226496,0.17903763,19.85041964,118.19,-0.834339694,-0.863461379,-0.586163322,-0.567125719,0.492795055
camera_4,guitar_1,1.126431533,1.086654196,0.929540557,1.023455145,1.236900542,1.043606659,1.059030097,1.041816775,1.118871753,1.087340827,0.895262481,1.087808628,0.3068453,29.48802925,103.71,0.589873274,0.046997399,1.589931048,0.293017034,-0.158206191
camera_4,guitar_2,1.252809138,1.093640293,1.115593132,0.994273039,1.150035284,1.21596712,1.107533938,1.260415135,1.17059378,1.205043211,1.165979469,1.086313074,0.27029157,30.42834747,104.78,1.43331447,1.746278462,0.96755552,0.376939079,-0.110100436
camera_4,guitar_3,1.018398417,1.17672107,1.32242041,1.167830407,1.15793095,1.050499922,1.259657074,1.179407182,1.059778686,1.112097433,1.128111148,1.032029272,0.24523157,33.4208714,99.07,-0.13113723,1.116560652,0.540875925,0.644017522,-0.366814325
camera_4,guitar_4,1.17810401,0.952482076,1.059275669,1.014446617,1.212622169,1.095989777,1.144124938,1.138885741,1.299989355,0.972253521,1.056142173,1.022182537,0.27350694,31.96174268,105.29,0.934734183,0.801565986,1.022301441,0.513792389,-0.087171525
camera_4,guitar_5,1.375449233,1.184439431,1.140745834,1.236198097,1.279880535,1.292517109,1.19782777,1.189683873,1.0598254,1.115522941,1.612375287,1.375748773,0.30072415,32.70904383,107.37,2.251811611,1.196446825,1.485710385,0.580487939,0.006342467
camera_4,lamp_1,1.068424411,1.136633824,1.062248919,1.180355789,1.29008144,1.250763176,1.070851731,1.10573575,0.878507848,0.932980775,1.036837146,0.970699333,0.2268903,23.02084961,98.891,0.202735091,0.543873514,0.228591581,-0.284169418,-0.374861923
camera_4,lamp_2,1.181314344,1.048114639,1.130883562,1.404590106,1.394104669,0.996504139,1.19808129,1.127671133,1.133035916,1.240674738,1.101794978,1.148616934,0.2682082,25.49957884,99.561,0.956159878,0.714388887,0.932083395,-0.06294641,-0.344739628
camera_4,lamp_3,0.909644705,0.883837116,0.917145925,1.279683252,0.991586255,1.201933595,0.829212828,1.028966279,0.803915265,0.965364341,1.49496271,1.07192702,0.1798887,25.35517333,88.338,-0.856956974,-0.052896326,-0.571672731,-0.075834394,-0.849310553
camera_4,lamp_4,1.301140199,1.12366699,1.180708131,0.983763582,1.004587426,0.920432615,1.290376372,1.098780596,1.209227509,0.964437292,1.272794148,1.123748157,0.25230294,30.46517249,108.1,1.755874847,0.48980741,0.661275338,0.380225659,0.039162281
camera_4,lamp_5,1.290101093,1.134590502,1.041941226,1.012123259,1.181660142,1.159176335,1.319684773,1.021973323,1.075072288,1.039561428,0.943227476,1.295932677,0.2834224,24.18958136,88.476,1.68220011,-0.107256285,1.191125242,-0.179861796,-0.843106259
camera_5,car_1,0.915812904,1.016711032,0.993903958,1.036291835,0.92283519,1.170850695,0.943190652,0.934047284,1.012974736,1.215868026,0.959582119,0.807126718,0.19973415,11.76992993,104.91,-0.815790557,-0.790752048,-0.233777736,-1.288297768,-0.104255811
camera_5,car_2,1.142324003,1.033020193,1.123342399,0.872276234,1.160658795,1.164544681,1.179924162,1.008376811,1.107174979,0.952208452,1.278151645,1.09376979,0.23979074,15.41777745,121.55,0.695939249,-0.212949188,0.448238609,-0.962732639,0.643856118
camera_5,car_3,0.659546665,1.088591387,1.091425457,0.970400675,1.147694382,1.150879604,0.973954947,1.145613248,1.170615907,1.078260096,1.260130422,1.109613076,0.1737131,15.04075979,131.81,-2.526105475,0.853862469,-0.676820477,-0.996380922,1.105131863
camera_5,car_4,0.936289688,0.950295509,0.858064882,1.069383185,1.10811514,0.99819165,0.811161305,0.898374907,1.145897747,1.058582208,1.102388169,1.03782383,0.18191475,14.37589693,124.4,-0.679128977,-1.068052366,-0.537176554,-1.055718973,0.771988269
camera_5,car_5,0.985251481,1.003032252,0.933377503,1.088104376,0.848007539,0.73321057,0.899247868,0.89899027,1.124667557,1.022676502,1.07890556,1.173029765,0.2025763,17.16788757,131.23,-0.35235911,-1.063268823,-0.185386379,-0.806537836,1.079055846
camera_5,guitar_1,1.279848384,0.896121251,0.795444504,1.003406511,1.051400269,1.024485158,1.088988382,1.077873618,1.016187312,1.122012334,1.253224961,1.16792191,0.2965702,20.02904771,130.17,1.613773768,0.327286375,1.4149839,-0.551183421,1.031399678
camera_5,guitar_2,1.158414932,1.051577368,1.088910637,1.028600392,1.04292888,0.962068241,1.049028253,1.17435258,1.025670175,1.053448959,1.083557808,1.245178377,0.2382355,20.47843731,131.65,0.803329734,1.077268548,0.421758594,-0.511076048,1.097938479
camera_5,guitar_3,1.243297019,1.162461856,1.187236144,1.273965979,1.092185275,0.957210007,0.954834788,0.962847926,0.925887784,0.976907686,0.802930445,0.977483805,0.22237265,24.2695391,132.1,1.369830809,-0.566869373,0.151672624,-0.172725683,1.118169871
camera_5,guitar_4,1.171434834,1.126492882,1.177054887,1.132638133,1.113608609,1.164449017,1.063784214,1.036088209,0.964644247,1.213404995,0.831155613,1.112544209,0.25936085,21.70188023,135.77,0.890224258,0.002466215,0.781445577,-0.401885532,1.283168115
camera_5,guitar_5,1.1430263,0.820987015,0.848981028,0.911118297,1.045385512,1.184378299,0.974867444,0.977205099,1.066080415,1.030063575,1.104742319,1.078227519,0.28843457,22.23207509,132.3,0.700626362,-0.455263448,1.276464055,-0.354566406,1.127161601
camera_5,lamp_1,0.950343242,1.021077403,1.148677284,1.069692949,1.301006751,1.30410434,1.216360087,1.24517656,1.017060033,1.20753817,1.291969015,1.16806235,0.190344,20.22919411,123.54,-0.585335885,1.627820931,-0.393657441,-0.533320644,0.733323831
camera_5,lamp_2,1.066487019,0.893482913,0.995508713,1.166590558,1.308582918,0.974394509,1.047003521,1.091030239,0.971382888,1.033750934,1.07648785,0.962149043,0.2393343,26.75380339,142.29,0.189804981,0.429559772,0.440467115,0.048991321,1.576298511
camera_5,lamp_3,1.011390946,1.334551105,1.101493225,1.165110202,1.103826567,1.272147848,0.991860699,1.032296004,1.184020727,1.109716983,0.95003384,1.062234649,0.17726046,18.10470986,125.02,-0.177904928,-0.027012607,-0.616421988,-0.722927798,0.799862632
camera_5,lamp_4,1.133921618,1.129807615,0.993146849,0.862581742,1.260408102,0.795352267,1.216460702,0.929322661,0.882467773,0.944595001,1.014502954,0.90817622,0.24449676,29.10906007,144.69,0.639861927,-0.82747905,0.528364814,0.259194582,1.68419927
camera_5,lamp_5,1.299374965,1.203621753,1.074066805,1.102749049,1.194887631,1.058020567,1.294217397,1.145393516,1.138960403,1.013712449,0.930155393,0.990227328,0.2557989,25.59501867,128.38,1.744093716,0.852154375,0.720798674,-0.054428543,0.950923695
car_1,car_2,0.781140587,0.855982356,0.832422093,0.950435929,1.14952932,1.089503737,0.9962101,0.949446395,0.869230503,1.021825785,0.797292605,1.074643733,0.1554981,6.12506454,101.33,-1.714590468,-0.671046586,-0.986954907,-1.79209386,-0.265207777
car_1,car_3,0.831886667,0.847638679,1.022610652,0.911615397,0.97876144,1.163346447,0.874908942,1.073753916,1.000525722,0.929803132,0.967797489,0.829513334,0.1295294,9.452426605,107.88,-1.375912311,0.295261745,-1.42910632,-1.495131596,0.029271378
car_1,car_4,0.796004884,1.057356562,0.907388902,0.849568066,0.944491895,1.032576453,0.727714487,0.887607785,0.951244415,0.925416644,0.968802887,0.910934444,0.1300368,10.63913228,113.64,-1.615386496,-1.15175092,-1.420467164,-1.389219827,0.2882332
car_1,car_5,0.933048774,0.923995407,0.997348193,1.116327396,1.094584602,1.197080294,0.936026476,0.953757789,0.928847001,0.98397153,0.78441835,0.888933039,0.142561,15.57795135,122.11,-0.700758762,-0.637531832,-1.20722612,-0.94843735,0.669032962
car_1,guitar_1,0.817378179,1.143332357,1.178083373,0.984683272,0.884572096,1.107461594,1.0249253,1.012369815,0.974755352,0.953043111,0.669629939,1.035843897,0.2712186,27.93839767,125.1,-1.472741622,-0.181909449,0.98333943,0.154714652,0.803459324
car_1,guitar_2,0.980752976,1.039853532,1.140607572,1.191062522,1.074341469,1.179484347,0.829948061,1.135036922,1.09817448,1.222213047,1.351378178,1.30421578,0.2617895,28.59046108,129.14,-0.382382027,0.771647074,0.82279655,0.21291037,0.985092268
car_1,guitar_3,1.048148467,1.033040169,1.144121996,1.097919587,1.211280617,1.269590266,1.102584551,1.255584335,1.105442184,1.095915695,1.107658956,0.954578923,0.2504159,31.33551229,127.29,0.067413912,1.70872609,0.62914599,0.45790223,0.901918767
car_1,guitar_4,0.879989589,0.999005525,1.151908908,1.105940773,1.021623426,0.961798099,1.006593611,1.130735701,0.847425479,0.873797953,1.116009,0.806509849,0.26306707,29.49457657,123.08,-1.054874528,0.7382114,0.844548867,0.293601373,0.712642852
car_1,guitar_5,0.981773297,1.038630702,1.081278059,0.956864295,0.960508478,0.85066941,1.024513753,1.059355732,1.028403019,1.039487646,1.157988005,1.160085297,0.2555063,31.65854624,123.04,-0.375572429,0.18333702,0.715816772,0.486732544,0.710844506
car_1,lamp_1,1.04563512,1.048922227,0.959844947,1.021648096,0.859353314,0.75300796,1.155756272,1.101051978,1.118004092,0.79140121,1.082007507,0.887511101,0.2297789,34.30836411,128.79,0.050639893,0.507464068,0.277773811,0.723224966,0.969356741
car_1,lamp_2,1.279167953,1.085561792,1.030434464,0.906001145,0.878477707,1.08496681,1.222614026,1.075284507,0.884530355,1.040221853,0.906853538,0.930681185,0.26483685,33.18180191,144.38,1.609232588,0.307159841,0.874681708,0.622680915,1.670262088
car_1,lamp_3,1.021826169,0.967339502,0.967466647,0.727963095,1.08173742,0.77713735,1.021004435,1.048043043,1.006364991,1.083737403,0.939174978,1.063941077,0.2701112,27.21636782,124.65,-0.108260493,0.095397484,0.964484483,0.090274529,0.783227932
car_1,lamp_4,1.387721595,0.977267064,0.924249445,1.19491642,1.115966241,1.091139899,1.36813977,1.008073315,1.022590579,1.086942009,0.903022015,0.843320643,0.252238,39.88486629,155.24,2.333717069,-0.215308423,0.660169649,1.220919741,2.158513023
car_1,lamp_5,1.334845416,1.08635721,1.089346353,1.263651104,1.084584932,0.878717682,1.325530477,1.20003864,1.130682814,1.059387135,1.343407993,1.105972079,0.270952,34.23434196,130.75,1.980822681,1.276939924,0.978800213,0.716618596,1.057475694
car_2,car_3,0.96244321,0.685834411,0.922512785,0.876146205,0.953248332,0.80756546,0.95794757,0.909214058,0.95555513,0.943964943,0.842808475,1.005616708,0.1249864,4.787215003,94.301,-0.50458098,-0.983793893,-1.506456894,-1.911495001,-0.581222125
car_2,car_4,0.856563442,0.835365948,0.917751039,1.023014629,0.928163742,0.919183531,1.030160222,0.902992355,0.90102257,0.887596292,0.780175784,1.000306838,0.08264947,9.035414452,47.759,-1.211220088,-1.032158492,-2.227299039,-1.532349329,-2.673687595
car_2,car_5,0.815214182,1.062267401,1.094344327,0.876997662,0.867836904,0.829893692,0.940575183,0.825440606,0.761228503,0.852482818,0.73440428,1.009975757,0.1134995,12.75038582,97.825,-1.487184088,-1.635009394,-1.702036537,-1.200793494,-0.422787844
car_2,guitar_1,0.908997966,1.109848815,1.047931044,0.969607535,1.045950612,1.019948306,1.253258474,1.047179841,1.132135339,1.035659754,0.975431454,0.98581127,0.30518645,34.90251336,80.609,-0.861273295,0.088687357,1.561686936,0.77625193,-1.196795956
car_2,guitar_2,1.058088214,1.016508335,1.2392044,1.051875128,0.930872956,1.115375975,1.145882184,1.251251802,1.121931036,1.1916677,1.144112172,0.883676713,0.29321826,35.00230078,79.811,0.133751552,1.675047012,1.357912695,0.785157813,-1.232672958
car_2,guitar_3,1.028386861,1.162766177,1.021791149,1.267289899,1.038504805,0.851247675,1.284848829,1.110584851,1.115257583,1.16628234,1.560854621,1.531470083,0.2748369,38.32403607,81.583,-0.064474587,0.581568149,1.044945766,1.081617895,-1.153006231
car_2,guitar_4,0.907273412,1.084326472,1.133026083,0.886073273,1.019075657,1.00241685,0.903879018,1.164515505,0.917048345,0.937869208,0.958859875,0.897883509,0.28511494,36.12332486,78.73,-0.872782928,1.000799744,1.219942971,0.885207595,-1.281273258
car_2,guitar_5,1.024151575,1.105074299,1.039923613,1.069296924,0.915469062,0.778802655,1.065393387,1.156700537,1.111356685,1.07864722,0.943670357,1.074663054,0.29983157,38.31409784,80.841,-0.092740787,0.94004985,1.470513032,1.080730923,-1.186365549
car_2,lamp_1,1.122870979,0.949863202,0.905345657,1.155936884,1.167638856,1.230021934,1.123148502,0.903804549,1.193024676,1.188136969,1.163853133,1.144112551,0.2747925,37.33407986,86.872,0.566110219,-1.025844877,1.044189797,0.993265732,-0.915219933
car_2,lamp_2,1.261744956,1.096276418,0.8370781,1.271517865,1.163417683,0.812075533,1.104453918,1.193046647,1.120984116,1.044125213,1.141281959,0.990331674,0.28353095,32.69701602,103.19,1.492951911,1.222587452,1.192973449,0.579414474,-0.181584689
car_2,lamp_3,1.162095408,1.042476302,1.024001658,1.13251721,0.881331912,1.220224206,1.010585798,0.964648301,0.998126979,0.99148992,0.806068791,0.70458861,0.2773254,31.00621149,99.169,0.827893146,-0.552874103,1.087315765,0.428512609,-0.362363419
car_2,lamp_4,1.086513827,1.013469222,1.172072881,1.142110098,1.224354664,0.944296054,1.089685787,1.133661142,1.016976647,1.118831479,1.300018256,1.106943614,0.29405266,41.58155881,109.02,0.323463432,0.760952406,1.372119457,1.3723471,0.080524238
car_2,lamp_5,1.02828239,1.13515565,1.0604891,1.080216172,1.197336187,1.056591439,0.855735833,1.040658225,0.967149918,1.059309939,1.293416805,1.131680199,0.2915469,33.13070604,73.53,-0.065171824,0.037991375,1.329455584,0.618120683,-1.515058236
car_3,car_4,0.910743453,0.956767404,1.055637037,1.034497574,1.008622773,0.997868027,0.788776902,1.279643385,0.899049537,1.051681758,0.916971627,1.003183208,0.1012396,9.065778425,104.48,-0.849623955,1.895749854,-1.910777525,-1.529639388,-0.123588031
car_3,car_5,0.955150362,1.041798571,1.212199537,1.169240652,1.16293581,1.057004614,1.162353681,1.130347085,1.036072894,1.098029571,0.76792188,0.97645827,0.0602648,9.072637,69.659,-0.553253278,0.735190482,-2.608427608,-1.52902727,-1.689093169
car_3,guitar_1,1.181694495,1.096255135,1.118058255,1.237665737,1.166834206,0.978695336,1.114795088,0.980155928,1.189922897,1.096697031,1.208112658,1.023257735,0.27585757,32.45295779,122.74,0.958696996,-0.432325088,1.062324021,0.557632629,0.697356911
car_3,guitar_2,1.118605955,1.275507643,1.159384168,1.311643768,1.189035927,1.22385187,1.029521723,1.179813068,1.256126693,1.353361807,1.378251348,1.179987856,0.2319624,32.25482715,127.19,0.537645548,1.119715819,0.314950782,0.539949755,0.897422902
car_3,guitar_3,1.129367488,1.214142739,1.168392561,1.210965176,1.116166052,0.923859401,0.933647143,1.053039171,1.074923739,1.037744804,1.031100906,0.782084548,0.2227594,36.24126408,125.44,0.609467769,0.134235039,0.158257553,0.8957335,0.818745265
car_3,guitar_4,1.277710742,1.149150096,1.185787489,1.019032452,0.99620893,1.130289637,1.098961676,1.116497385,1.286165391,1.144167239,1.449470826,0.926103278,0.22970635,33.50727397,115.12,1.599507195,0.627529414,0.276538551,0.651728827,0.354772001
car_3,guitar_5,1.102064982,1.107990545,1.091877898,0.948341695,1.132151905,1.275285266,0.987390728,1.110666424,1.143364429,1.250149112,1.111183581,1.188930852,0.26723766,35.97015572,120.78,0.427251479,0.582202259,0.915558669,0.87153747,0.609237958
car_3,lamp_1,1.0953977,0.936170214,0.96395141,1.175287164,1.080825764,1.10851957,0.999405126,1.037534664,0.896536812,0.817748347,0.898529901,0.981961152,0.19666475,36.24981328,124.55,0.382754194,0.013710278,-0.286038325,0.896496504,0.778732067
car_3,lamp_2,1.186913713,0.929899748,0.888797728,1.047626842,0.979627137,0.555866767,0.888250698,0.688496074,0.822098651,0.971272751,0.901772801,0.665444257,0.24400365,33.19514725,141.14,0.993529936,-2.699551918,0.519968965,0.623871968,1.524596064
car_3,lamp_3,1.162871327,0.982146327,1.049042765,0.855249903,0.775481575,1.201529177,0.962065882,0.80736395,0.863099545,0.786529018,1.020138061,1.068038908,0.2186064,31.6851149,132.69,0.833071611,-1.775528835,0.087547244,0.489103759,1.144695475
car_3,lamp_4,1.206907691,0.991394995,0.861680573,1.06731279,0.957898374,0.700209456,1.078919352,1.07165915,1.016528504,0.924309046,1.214085907,1.022599556,0.20823836,39.58856805,145.81,1.12696928,0.278978017,-0.08898233,1.19447555,1.734552957
car_3,lamp_5,1.305021137,1.198760539,0.89987654,0.967050097,1.208207805,1.15037319,1.208526685,1.033986105,1.020546146,1.019874613,1.143429689,1.11443683,0.2517133,33.48018738,126.85,1.781776136,-0.013874555,0.651235938,0.649311388,0.882136961
car_4,car_5,0.825751935,0.896871086,0.938487957,1.062333577,1.039890136,0.963863691,1.001907432,0.917222345,0.913003421,0.92834445,1.00746802,1.065369817,0.1059263,9.341327784,102.32,-1.416855369,-0.921541228,-1.830980268,-1.505047006,-0.220698714
car_4,guitar_1,0.964624506,0.962944056,0.995943583,0.92577176,1.09794633,0.687227569,0.99579116,1.157733398,0.98259794,0.845940098,1.037488265,0.840456651,0.30091536,35.09858593,78.344,-0.490023061,0.948078827,1.488965988,0.793751124,-1.298627297
car_4,guitar_2,1.050517333,1.183517092,1.216315167,1.201009659,1.021517448,1.243124685,1.127791383,1.03431929,1.22595578,1.118633504,1.34767044,1.30917058,0.2762223,35.39081529,82.305,0.083223669,-0.011284531,1.068534031,0.819832173,-1.120546086
car_4,guitar_3,1.012089185,1.064759729,1.054846407,1.087308342,0.960147836,0.981486578,0.936058971,0.96660308,0.992218908,1.004328748,1.134299807,1.089884547,0.2651769,37.67088521,80.129,-0.173244897,-0.537678569,0.880471509,1.023325123,-1.218376107
car_4,guitar_4,1.005936587,1.254071838,1.319318002,1.172839752,1.267043666,1.191599154,1.148458221,1.05143363,1.221352963,1.130120318,1.041507325,0.946852666,0.26184255,36.62259643,78.814,-0.214307193,0.121754316,0.823699797,0.929766862,-1.277496732
car_4,guitar_5,1.126532029,1.066888412,0.972834289,1.02059183,1.037116577,1.263770447,1.110309751,1.023021357,1.123940817,1.155148139,1.14755638,0.996946385,0.2935599,37.93741565,80.948,0.590543981,-0.09910936,1.363729567,1.047112581,-1.181554973
car_4,lamp_1,1.041840532,1.060126145,1.032251973,0.988242086,0.889131018,1.025046818,0.959919684,0.969534622,1.0928467,0.979670127,1.030468395,0.804301636,0.2372366,38.43171713,87.684,0.025314901,-0.514890137,0.404751002,1.091228275,-0.87871351
car_4,lamp_2,1.253889621,1.019067775,1.03940015,0.879100575,1.00322214,0.969800768,1.155456267,1.10186729,1.045109832,0.918668982,0.812667497,1.103970912,0.2768253,40.51358283,102.18,1.440525588,0.513801921,1.078800902,1.277031785,-0.226992925
car_4,lamp_3,1.217775703,1.202317534,1.086603759,0.800852538,0.978205825,1.047324406,0.9222411,1.257219075,1.083171471,1.108213907,1.218754208,1.286747936,0.2376428,33.38863529,105.16,1.199502139,1.721433791,0.411667094,0.641140496,-0.093016149
car_4,lamp_4,1.30704585,1.012409833,0.919108156,0.954456289,0.865387784,1.094926618,1.23547125,1.136047776,1.055384705,1.21930081,1.126902312,0.814682654,0.25086635,43.89080959,107.64,1.795289024,0.779504978,0.636815496,1.578444401,0.018481302
car_4,lamp_5,1.26253231,1.128183623,1.150682725,1.201342219,1.058345961,1.227146622,1.339868978,1.231592129,1.100763942,1.031331798,1.022195814,0.892243182,0.292081,41.24508986,73.865,1.498206693,1.52222194,1.338549342,1.342317732,-1.499997088
car_5,guitar_1,0.917910288,1.01466581,0.823927051,0.856958504,1.311685363,1.087886118,1.207289264,0.979318707,1.023598345,0.95454942,0.820808853,0.911075765,0.30862755,27.73844853,123.79,-0.801792665,-0.438833252,1.620276207,0.136869479,0.744563493
car_5,guitar_2,1.229627068,1.052520632,1.011867064,0.917904557,1.089091268,1.135184657,1.019613317,1.121894504,1.052104336,1.005459101,1.228755763,1.057880274,0.2697487,28.49066497,127.02,1.278597874,0.669484084,0.958312441,0.204003711,0.889779931
car_5,guitar_3,0.850587969,1.172016412,1.172959318,1.023852903,1.012047116,0.902302172,0.946661998,0.884572741,1.041436228,0.819910732,1.245276609,0.906132782,0.2553173,28.92481551,125.59,-1.251100256,-1.175343927,0.712598798,0.242751021,0.825489062
car_5,guitar_4,0.954843703,1.127011249,1.055209898,1.0240934,1.284088876,1.194535361,1.137097599,0.87961754,0.951524826,0.801199094,1.175763937,1.163658575,0.2641756,29.59020167,118.36,-0.555299913,-1.213863334,0.863423054,0.302135776,0.500438026
car_5,guitar_5,1.019760292,0.814925618,0.877927498,1.082125624,1.149557565,0.973239465,1.137405248,0.918785146,0.965296276,0.985431535,1.421127696,1.201837202,0.2989397,29.77043529,122.07,-0.122048108,-0.909392747,1.455327767,0.318221366,0.667234616
car_5,lamp_1,1.203035966,1.246123781,1.257870587,1.136352333,1.166273265,1.248492728,1.328770889,1.217693005,1.27572827,1.196231196,1.018435227,1.139611331,0.22185624,31.05218971,124.47,1.101129477,1.414176673,0.142880061,0.432616099,0.775135375
car_5,lamp_2,1.165304462,1.027331361,1.205216176,1.274325788,1.476241572,1.144476808,0.962843326,1.259664563,1.267307592,1.196208268,1.29604009,1.136561939,0.24067736,29.2417084,130.51,0.849310297,1.740443867,0.463334485,0.271033254,1.046685618
car_5,lamp_3,1.250135726,1.057108386,1.043427432,1.309058857,1.085161287,1.273568827,1.194446356,1.156958259,0.967087549,1.256778885,1.170581153,0.80471267,0.22093964,28.67230632,130.81,1.41547218,0.94205326,0.127273736,0.22021494,1.060173213
car_5,lamp_4,1.154847643,1.105133059,1.214560443,1.077525979,0.972604508,1.012844167,0.988060714,1.117272212,1.297589105,1.02793445,1.361620778,1.327620627,0.2021007,33.93692329,150.71,0.779521731,0.633552555,-0.193484097,0.690074409,1.95485034
car_5,lamp_5,1.125807846,1.142750806,1.064396861,0.899943565,1.063168987,1.204734841,1.074241955,1.066909248,1.037426157,0.837120213,1.355670073,1.416195536,0.2629305,29.62537038,124.27,0.585710801,0.242054508,0.842223582,0.305274532,0.766143645
guitar_1,guitar_2,0.811652373,1.09080115,1.021438221,0.837565898,1.036629504,1.226666879,0.93736009,0.916344436,0.861054676,1.146098242,1.021914452,1.055799127,0.06272435,5.149758788,49.522,-1.510955518,-0.928365681,-2.566550521,-1.879138491,-2.594425496
guitar_1,guitar_3,1.058671823,1.148130005,1.265135912,1.192106786,1.065895374,1.11124853,0.999016108,0.98673214,1.245145631,1.16155754,1.088865457,1.155284404,0.08332235,7.22343774,38.26,0.137646545,-0.381204703,-2.215842368,-1.694065637,-3.100749808
guitar_1,guitar_4,0.672468487,0.95637522,0.908887475,1.035679924,0.805696938,1.023293296,0.932372661,0.922797359,0.84343426,0.79503769,1.054636063,0.824653731,0.06229484,5.19849126,53.746,-2.439865536,-0.878203686,-2.573863496,-1.874789189,-2.40452016
guitar_1,guitar_5,0.661173997,0.844869928,1.017269916,1.220516556,1.134645445,1.339458177,0.958042148,1.040528503,1.038179895,1.159443997,1.219625488,1.161171796,0.0407604,5.403197433,49.576,-2.515244699,0.036982977,-2.940515776,-1.856519458,-2.591997729
guitar_1,lamp_1,1.01781615,0.896828637,1.086437179,1.020454602,0.722411715,0.932638458,0.841542696,1.180920242,1.09301867,1.02198774,1.017491835,0.932118319,0.2132632,20.68706697,91.772,-0.135023266,1.12832247,-0.003427793,-0.492456152,-0.69492255
guitar_1,lamp_2,0.987328676,0.968270199,0.99290152,1.01666946,0.793809483,1.012015098,0.95884281,1.181848564,0.945974674,1.064437136,1.013714656,1.200941898,0.1382409,22.14460303,128.55,-0.338495958,1.13553881,-1.280781527,-0.362373161,0.958566665
guitar_1,lamp_3,0.927572974,1.290925431,0.998869714,1.111182274,1.098918345,0.97920538,1.018930439,1.102255746,1.036280164,1.085448486,1.071342523,1.166417711,0.27653646,12.63954959,104.71,-0.737304124,0.516821596,1.07388302,-1.210685468,-0.113247541
guitar_1,lamp_4,1.02033566,1.059062158,1.126629432,1.131037796,1.254567232,1.069789343,0.972203705,0.926069871,1.061253829,0.903644692,1.016399147,0.817962451,0.2536871,26.21478795,107.43,-0.118208115,-0.852764713,0.68484249,0.000884971,0.009039986
guitar_1,lamp_5,0.88882115,1.151110843,1.290706473,1.148055613,1.003174507,1.352425551,0.981321957,1.005574529,1.016852966,0.849334008,1.272276376,0.799298117,0.15399957,24.03697871,101.17,-0.995932896,-0.234732813,-1.012469359,-0.193481362,-0.272401161
guitar_2,guitar_3,0.981450711,0.927114324,0.987835106,1.004569812,0.925791828,1.021177426,0.824119911,1.021952205,1.170641303,0.958234925,0.991202264,1.104513464,0.0440128,5.781445042,52.19,-0.37772536,-0.107420446,-2.885139371,-1.822761405,-2.474475819
guitar_2,guitar_4,0.873317323,0.904090044,0.770058764,0.961406458,0.789821005,0.590162631,0.833911086,0.918607027,0.776870435,1.026501298,0.735659664,0.823564474,0.06033975,2.368724891,59.147,-1.099405076,-0.91077736,-2.607151485,-2.127341754,-2.161698493
guitar_2,guitar_5,0.697895115,0.930189146,0.975514508,0.942319363,0.803417332,0.799437425,0.777614373,0.784540261,0.696632289,0.8225232,0.826168839,0.84294816,0.0929103,3.066487632,56.189,-2.270168812,-1.952949482,-2.052594858,-2.065067436,-2.294686179
guitar_2,lamp_1,1.001687301,1.051180279,1.005445278,1.007096731,1.026671377,1.095017331,1.155616446,1.009608254,0.977922025,1.077571568,0.843380905,1.075014796,0.17725885,23.16507078,91.168,-0.242666829,-0.203376528,-0.6164494,-0.271297887,-0.722077574
guitar_2,lamp_2,1.106502091,1.123820011,1.079583786,1.13235624,1.008187743,1.047316716,1.270092259,1.057262248,1.09454799,1.039865804,1.201678797,1.069689992,0.1258991,20.67834874,127.09,0.456864641,0.167063257,-1.490916971,-0.493234241,0.892927037
guitar_2,lamp_3,1.141999389,0.908701392,0.90961935,1.273420035,1.099538863,0.843480289,1.228179915,1.200789091,1.094129951,1.152666713,1.065778117,0.849893105,0.26409024,9.719616286,103.77,0.693772782,1.282773578,0.861969687,-1.471285303,-0.155508672
guitar_2,lamp_4,1.022892896,1.066081965,1.047944556,1.109104144,1.23914213,1.152139972,1.021168994,1.003220991,0.90446349,1.075597862,0.765539712,1.03054612,0.2215833,26.84046271,107.14,-0.101141181,-0.253028113,0.138232898,0.05672554,-0.003998023
guitar_2,lamp_5,0.811903658,1.045232921,1.147659901,0.983341329,0.965372838,0.847217467,1.021087636,1.07173682,0.89122002,1.000933354,0.79218743,1.099294996,0.17869085,23.03948266,98.007,-1.509278448,0.279581787,-0.592067709,-0.282506445,-0.41460537
guitar_3,guitar_4,0.900030034,0.872198683,0.879093023,0.986735525,1.007269916,1.121180781,0.850040995,0.87938668,0.933797368,1.096737081,1.179621766,1.217675941,0.06131876,4.792457838,57.098,-0.921125065,-1.215657932,-2.590482547,-1.911027086,-2.253818766
guitar_3,guitar_5,1.01653008,1.133065706,0.939204777,1.068520787,1.114612477,1.005242025,0.856804694,1.038263839,1.080913487,0.926190041,0.952910944,0.940673979,0.09627527,5.554328413,46.184,-0.143606467,0.019378542,-1.995301799,-1.843031236,-2.744497468
guitar_3,lamp_1,1.04698483,1.159929138,1.008193709,0.99501183,0.965111323,1.089246871,1.148319458,1.072075625,1.131320309,1.082153278,0.941553454,0.869640657,0.169714,23.65063876,88.338,0.059647826,0.282215498,-0.744910435,-0.227961645,-0.849310553
guitar_3,lamp_2,1.063061294,1.167982411,1.1148106,1.021637037,1.107774561,1.060538875,1.041769867,1.218417765,1.093065371,1.051285867,0.953775311,1.009554589,0.11472666,17.79697286,126.76,0.166941772,1.419810617,-1.681142517,-0.750392882,0.878090682
guitar_3,lamp_3,1.111214931,1.052052805,1.096270898,0.970802262,1.069681471,1.273990637,1.210096101,1.188900542,1.195791513,1.087825667,1.012183919,1.209702821,0.2443899,10.78333587,107.73,0.488318026,1.190357578,0.526545382,-1.376349864,0.02252758
guitar_3,lamp_4,1.01999463,0.98207141,0.909200759,1.03912677,0.863493993,0.978388371,0.870056367,0.854678967,0.864999983,0.838577664,0.826107332,0.935525259,0.2318808,26.31849463,103.33,-0.120484141,-1.407724097,0.313561434,0.010140642,-0.175290478
guitar_3,lamp_5,0.982378156,0.839625405,0.839973138,0.898819692,0.948412696,0.95224799,0.981701677,0.930480526,0.896018918,0.759377343,0.949781988,1.007985272,0.1554575,19.71709146,99.235,-0.371535614,-0.818478351,-0.987646176,-0.579025067,-0.359396148
guitar_4,guitar_5,0.809113605,1.149108829,1.137994099,1.025565596,1.028412036,0.8869638,0.765800196,0.990588392,0.97465144,0.998290133,0.855876418,1.040177655,0.0625514,2.13673343,37.652,-1.527899197,-0.351228009,-2.569495223,-2.148046658,-3.128084667
guitar_4,lamp_1,1.054174269,1.121895483,1.155372541,1.059713095,0.895542015,0.891510972,1.0647549,0.917755855,1.063309349,0.993655033,1.215822671,0.681682449,0.19119185,24.32548913,96.69,0.107629974,-0.917393972,-0.379221675,-0.167732223,-0.473815911
guitar_4,lamp_2,0.937792311,1.108636316,1.10181194,1.154155718,0.847997212,0.934278477,1.091884279,1.015476482,1.137638475,1.073136764,1.091015501,1.183870331,0.12774926,21.52404459,133.61,-0.669100506,-0.157759678,-1.459415554,-0.417757107,1.186057432
guitar_4,lamp_3,1.00429143,0.892175591,0.789077741,0.976009196,0.798292626,0.743350488,1.257132075,1.13180764,1.170119451,1.218908361,0.982604544,1.203715758,0.2449187,10.97792823,97.767,-0.225286933,0.746544151,0.5355489,-1.358982777,-0.425395446
guitar_4,lamp_4,1.016304494,0.958114255,1.15068885,1.075251648,1.136750423,1.19547328,1.02209085,0.713595371,0.826343595,0.931980569,0.75370573,0.672992852,0.2238375,26.51719779,103.37,-0.145112023,-2.504441763,0.17661363,0.027874613,-0.173492132
guitar_4,lamp_5,0.958911253,0.823506129,1.023099487,0.714311662,1.033854717,0.877904859,0.806215992,0.766385909,0.888816649,0.899698841,0.730089085,0.965360097,0.1706596,23.72142107,104.3,-0.528153179,-2.094072895,-0.728810347,-0.221644426,-0.131680588
guitar_5,lamp_1,0.967809945,0.992769324,1.060533697,0.903660638,1.071299817,0.967398643,1.069566094,1.041805436,0.930075577,1.172890256,1.034275762,1.192231482,0.2018978,21.79814059,96.491,-0.468763515,0.046909255,-0.196938737,-0.393294434,-0.482762682
guitar_5,lamp_2,1.012450487,0.860492747,0.802517442,0.95207914,0.892949545,1.139065908,0.917725883,0.911690856,0.872480075,0.88613271,1.016280479,1.108623255,0.15520173,21.5944946,131.78,-0.170833576,-0.964540428,-0.992000998,-0.411469545,1.103783103
guitar_5,lamp_3,1.067175139,1.067561977,1.065616602,1.084186833,1.109016127,0.934651853,0.996091646,1.033409219,1.002583258,1.063371239,0.574196059,0.970323119,0.27661914,11.69920639,101.47,0.194397478,-0.018358996,1.075290756,-1.294609742,-0.258913566
guitar_5,lamp_4,0.870071736,1.057740029,0.745811349,1.042989686,1.053418888,1.16503067,0.972945249,0.976186367,0.960704386,1.066768315,0.786085275,0.920926432,0.2413351,24.64575598,103.78,-1.121066049,-0.463182593,0.474533377,-0.139148869,-0.155059086
guitar_5,lamp_5,0.855822668,1.098537447,0.976099775,1.178476657,0.843514753,0.829870781,0.954509972,1.003988682,1.010140839,1.044829088,0.917226178,0.831117618,0.1759415,22.9013828,103.4,-1.216163997,-0.247060444,-0.638879024,-0.294831659,-0.172143372
lamp_1,lamp_2,0.917288334,0.942210317,0.84640632,0.781813844,0.803632782,1.189918207,0.880334662,0.913242641,0.864865425,0.977092667,0.717500367,1.213840095,0.15244836,21.61742646,96.923,-0.805943572,-0.952477579,-1.038880758,-0.40942291,-0.463340546
lamp_1,lamp_3,1.100911769,1.137262643,1.205799726,0.998502571,1.210325548,0.952871223,0.916324952,0.940857285,0.945651818,1.023582007,1.322712266,1.370444863,0.2263425,25.55114252,106.06,0.419554962,-0.737814296,0.219264563,-0.058344426,-0.052553364
lamp_1,lamp_4,0.825728082,0.804992172,0.949142391,0.853051215,0.899437374,1.070571671,0.666054494,0.92405293,0.987866947,1.05227276,1.110818178,0.781312508,0.1369584,19.52687723,96.696,-1.417014564,-0.868443466,-1.302617784,-0.596001412,-0.473546159
lamp_1,lamp_5,0.918560934,1.257324754,1.178803886,1.237354379,0.79187787,1.067688287,0.858989273,0.96059665,1.149986654,1.151564561,0.964306783,0.951929823,0.1836272,18.97462363,74.483,-0.797450269,-0.584369737,-0.508019831,-0.645289249,-1.472212643
lamp_2,lamp_3,0.861306527,1.155924334,1.034491981,0.800259039,1.066554698,1.226181603,0.954954186,0.903171732,0.964714424,1.079931729,1.13901858,0.839052086,0.2216681,17.22803997,102.28,-1.179564849,-1.0307641,0.13967673,-0.801169321,-0.22249706
lamp_2,lamp_4,0.756282117,0.725985229,0.772925676,0.980957105,0.823998382,0.596352079,0.708460262,0.999887417,0.95985396,0.958729692,1.060104725,1.114083231,0.1950284,24.04571588,113.68,-1.880495319,-0.278941753,-0.313899344,-0.192701582,0.290031546
lamp_2,lamp_5,0.738474494,1.115935033,1.125242266,1.18846884,0.817303684,0.963082162,0.85158609,1.00905801,1.051244986,1.091627827,0.882801799,0.98108608,0.1143939,6.573616263,71.604,-1.999342981,-0.207653867,-1.686808196,-1.752061266,-1.601648595
lamp_3,lamp_4,1.035997759,1.098013091,1.10208057,1.07134959,0.960582136,1.226091659,1.232588168,1.103473544,1.146451359,0.822343001,1.03720091,1.352537813,0.2144781,32.56702709,123.3,-0.013679631,0.526288186,0.017257484,0.56781315,0.722533755
lamp_3,lamp_5,1.079510985,0.906141593,1.232466138,1.028969394,1.36948279,1.009312313,1.201670532,0.895918261,1.108683607,1.122505124,1.262415259,1.405498072,0.19649833,16.82436908,93.949,0.276726628,-1.087149179,-0.288871845,-0.837196366,-0.59704757
lamp_4,lamp_5,0.631753881,1.091290494,0.966614226,0.9784459,0.711454709,0.926842352,0.583418798,0.782303072,0.882128729,0.859438066,0.716833135,0.657051043,0.24740577,21.78603396,98.093,-2.711593869,-1.970340339,0.577894551,-0.394374933,-0.410738926
